timestamp,actual_price,current_close,fivesec_pred_rf,fivesec_pred_xgb,fivesec_pred_lgb,fivesec_change_pct_rf,fivesec_change_pct_xgb,fivesec_change_pct_lgb,fivesec_pred_time,fivesec_error_rf,fivesec_error_xgb,fivesec_error_lgb,fivesec_trend_pred_rf,fivesec_trend_actual_rf,fivesec_trend_accuracy_rf,fivesec_trend_pred_xgb,fivesec_trend_actual_xgb,fivesec_trend_accuracy_xgb,fivesec_trend_pred_lgb,fivesec_trend_actual_lgb,fivesec_trend_accuracy_lgb
2025-10-16 11:51:10.539714+03:00,110684.0,110684.0,,,,,,,2025-10-16 11:51:15.539714+03:00,,,,,,,,,,,,
2025-10-16 11:51:15.530580+03:00,110705.83,110705.83,,,,,,,2025-10-16 11:51:20.530580+03:00,,,,,,,,,,,,
2025-10-16 11:51:20.532117+03:00,110712.48,110712.48,,,,,,,2025-10-16 11:51:25.532117+03:00,,,,,,,,,,,,
2025-10-16 11:51:25.553523+03:00,110749.99,110749.99,,,,,,,2025-10-16 11:51:30.553523+03:00,,,,,,,,,,,,
2025-10-16 11:51:30.567588+03:00,110759.99,110759.99,,,,,,,2025-10-16 11:51:35.567588+03:00,,,,,,,,,,,,
2025-10-16 11:51:35.570436+03:00,110754.18,110754.18,,,,,,,2025-10-16 11:51:40.570436+03:00,,,,,,,,,,,,
2025-10-16 11:51:40.635166+03:00,110775.02,110775.02,,,,,,,2025-10-16 11:51:45.635166+03:00,,,,,,,,,,,,
2025-10-16 11:51:45.588303+03:00,110795.94,110795.94,,,,,,,2025-10-16 11:51:50.588303+03:00,,,,,,,,,,,,
2025-10-16 11:51:50.581732+03:00,110807.99,110807.99,,,,,,,2025-10-16 11:51:55.581732+03:00,,,,,,,,,,,,
2025-10-16 11:51:55.597677+03:00,110798.14,110798.14,,,,,,,2025-10-16 11:52:00.597677+03:00,,,,,,,,,,,,
2025-10-16 11:52:00.633553+03:00,110792.74,110792.74,,,,,,,2025-10-16 11:52:05.633553+03:00,,,,,,,,,,,,
2025-10-16 11:52:05.651034+03:00,110792.74,110792.74,,,,,,,2025-10-16 11:52:10.651034+03:00,,,,,,,,,,,,
2025-10-16 11:52:10.652013+03:00,110796.04,110796.04,,,,,,,2025-10-16 11:52:15.652013+03:00,,,,,,,,,,,,
2025-10-16 11:52:15.682390+03:00,110834.9,110834.9,110732.6327222826,110731.71875,110735.38022153013,-0.09226992374910896,-0.09309454873870432,-0.08979101209986066,2025-10-16 11:52:20.682390+03:00,127.38727771741105,128.30125000000407,124.63977846987837,-1.0,1.0,0.0,-1.0,1.0,0.0,-1.0,1.0,0.0
2025-10-16 11:52:20.670240+03:00,110860.02,110860.02,110731.66391375559,110724.6796875,110732.7606523454,-0.11578212438028944,-0.12208216496804175,-0.11479282400869367,2025-10-16 11:52:25.670240+03:00,128.34608624440443,135.33031249999476,127.2493476545933,-1.0,-1.0,1.0,-1.0,-1.0,1.0,-1.0,-1.0,1.0
2025-10-16 11:52:25.665170+03:00,110860.02,110860.02,110733.85074430318,110724.625,110735.11073772084,-0.11380951915471345,-0.12213149519547631,-0.11267295665215013,2025-10-16 11:52:30.665170+03:00,126.16925569681916,135.39500000000407,124.90926227916498,-1.0,0.0,0.0,-1.0,0.0,0.0,-1.0,0.0,0.0
2025-10-16 11:52:30.646409+03:00,110860.02,110860.02,110735.79466942877,110733.625,110733.32314819952,-0.11205602395817406,-0.1140131491948171,-0.11428543112339949,2025-10-16 11:52:35.646409+03:00,116.46533057122724,118.63499999999476,118.9368518004776,-1.0,-1.0,1.0,-1.0,-1.0,1.0,-1.0,-1.0,1.0
2025-10-16 11:52:35.660587+03:00,110860.02,110860.02,110733.0698321394,110723.609375,110733.39813601869,-0.11451393194823792,-0.12304762799068959,-0.11421778922763678,2025-10-16 11:52:40.660587+03:00,100.33016786059306,109.79062499999418,100.00186398130609,-1.0,-1.0,1.0,-1.0,-1.0,1.0,-1.0,-1.0,1.0
2025-10-16 11:52:40.671634+03:00,110833.4,110833.4,110727.5111827103,110722.8671875,110733.77426026421,-0.09553872505011905,-0.09972879339620924,-0.08988783140802684,2025-10-16 11:52:45.671634+03:00,105.88881728969864,110.53281249999418,99.62573973578401,-1.0,0.0,0.0,-1.0,0.0,0.0,-1.0,0.0,0.0
2025-10-16 11:52:45.686662+03:00,110833.4,110833.4,110728.6365211303,110731.8203125,110740.84713288752,-0.09452338272550397,-0.09165079073636123,-0.08350629603754604,2025-10-16 11:52:50.686662+03:00,95.48347886968986,92.29968749999534,83.2728671124787,-1.0,-1.0,1.0,-1.0,-1.0,1.0,-1.0,-1.0,1.0
2025-10-16 11:52:50.680681+03:00,110829.24,110829.24,110736.79820687191,110739.328125,110733.796964639,-0.0834092096346518,-0.08112649243106353,-0.08611719737589808,2025-10-16 11:52:55.680681+03:00,87.32179312808148,84.79187499999534,90.32303536099789,-1.0,-1.0,1.0,-1.0,-1.0,1.0,-1.0,-1.0,1.0
2025-10-16 11:52:55.707399+03:00,110824.13,110824.13,110745.0989793413,110767.1171875,110741.79931891845,-0.07131210563863835,-0.051444403398433765,-0.07428949009710761,2025-10-16 11:53:00.707399+03:00,79.02102065869258,57.00281249999534,82.32068108154635,-1.0,-1.0,1.0,-1.0,-1.0,1.0,-1.0,-1.0,1.0
2025-10-16 11:53:00.716369+03:00,110824.12,110824.12,110774.2112392527,110774.078125,110758.01490000493,-0.045034204419841295,-0.04515431748972638,-0.05964865770652415,2025-10-16 11:53:05.716369+03:00,49.91876074729953,50.05187500000466,66.11509999507689,-1.0,1.0,0.0,-1.0,1.0,0.0,-1.0,1.0,0.0
2025-10-16 11:53:05.703574+03:00,110824.12,110824.12,110779.81511693132,110776.40625,110777.20699846877,-0.039977653843472724,-0.0430535789501377,-0.0423310390655263,2025-10-16 11:53:10.703574+03:00,44.304883068674826,47.71374999999534,46.913001531225746,-1.0,0.0,0.0,-1.0,0.0,0.0,-1.0,0.0,0.0
2025-10-16 11:53:10.703731+03:00,110824.12,110824.12,110781.15197216764,110778.4765625,110782.98634564372,-0.03877136839196228,-0.041185472530704814,-0.03711615698485068,2025-10-16 11:53:15.703731+03:00,41.24802783234918,43.92343749999418,39.41365435627813,-1.0,-1.0,1.0,-1.0,-1.0,1.0,-1.0,-1.0,1.0
2025-10-16 11:53:15.738582+03:00,110824.12,110824.12,110782.0717033807,110778.328125,110783.16480114244,-0.03794146673061242,-0.04131941223624906,-0.036955131119069506,2025-10-16 11:53:20.738582+03:00,40.328296619292814,44.07187499999418,39.23519885755377,-1.0,-1.0,1.0,-1.0,-1.0,1.0,-1.0,-1.0,1.0
2025-10-16 11:53:20.730944+03:00,110822.4,110822.4,110781.7009878771,110778.328125,110793.49653040184,-0.03672453594479838,-0.039768020725046725,-0.026080891226100144,2025-10-16 11:53:25.730944+03:00,40.70901212289755,44.08187500000349,28.91346959816292,-1.0,1.0,0.0,-1.0,1.0,0.0,-1.0,1.0,0.0
2025-10-16 11:53:25.744952+03:00,110822.4,110822.4,110781.49347794929,110778.1328125,110787.28959360832,-0.03691178141847103,-0.039944259914957786,-0.0316816874491726,2025-10-16 11:53:30.744952+03:00,40.27652205071354,43.637187500004075,34.480406391681754,-1.0,-1.0,1.0,-1.0,-1.0,1.0,-1.0,-1.0,1.0
2025-10-16 11:53:30.751846+03:00,110822.4,110822.4,110781.67087732084,110778.421875,110793.7414183212,-0.03675170604422637,-0.03968342591388942,-0.02585991792164692,2025-10-16 11:53:35.751846+03:00,37.17912267916836,40.42812500000582,25.10858167881088,-1.0,-1.0,1.0,-1.0,-1.0,1.0,-1.0,-1.0,1.0
2025-10-16 11:53:35.758410+03:00,110818.85,110818.85,110785.05233290316,110786.0703125,110782.51407740472,-0.030498121120052395,-0.0295795232489832,-0.032788575766025486,2025-10-16 11:53:40.758410+03:00,33.80766709684394,32.78968750000058,36.3459225952829,-1.0,1.0,0.0,-1.0,1.0,0.0,-1.0,1.0,0.0
2025-10-16 11:53:40.754145+03:00,110818.85,110818.85,110791.61336332357,110802.5703125,110793.7414183212,-0.024577620753538483,-0.014690359537213949,-0.022657320193099708,2025-10-16 11:53:45.754145+03:00,23.606636676428025,12.649687500001164,21.478581678806222,-1.0,-1.0,1.0,-1.0,-1.0,1.0,-1.0,-1.0,1.0
2025-10-16 11:53:45.762349+03:00,110818.85,110818.85,110799.5040571306,110800.9609375,110792.94836038612,-0.017457267305520763,-0.016142616982585383,-0.023372954703906813,2025-10-16 11:53:50.762349+03:00,10.505942869393039,9.049062499994761,17.06163961387938,-1.0,-1.0,1.0,-1.0,-1.0,1.0,-1.0,-1.0,1.0
2025-10-16 11:53:50.782820+03:00,110815.22,110815.22,110799.66195519216,110802.6796875,110792.94836038612,-0.014039628137578851,-0.011316417095053518,-0.020097997020522795,2025-10-16 11:53:55.782820+03:00,10.348044807833503,7.330312499994761,17.06163961387938,-1.0,-1.0,1.0,-1.0,-1.0,1.0,-1.0,-1.0,1.0
2025-10-16 11:53:55.776930+03:00,110810.01,110810.01,110799.5261930498,110802.7578125,110796.57269155735,-0.00946106488953501,-0.0065447043096510515,-0.012126439157119397,2025-10-16 11:54:00.776930+03:00,10.283806950203143,7.052187499997672,13.237308442650829,-1.0,-1.0,1.0,-1.0,-1.0,1.0,-1.0,-1.0,1.0
2025-10-16 11:54:00.794221+03:00,110810.02,110810.02,110799.4521557894,110801.78125,110789.53802337965,-0.009536903080244923,-0.007435022572872088,-0.01848386691055392,2025-10-16 11:54:05.794221+03:00,19.39784421060176,17.06875000000582,29.31197662035993,-1.0,1.0,0.0,-1.0,1.0,0.0,-1.0,1.0,0.0
2025-10-16 11:54:05.815713+03:00,110816.46,110816.46,110799.70050114373,110792.6640625,110788.96590211759,-0.015123654785830361,-0.021473287903264915,-0.02481048201902145,2025-10-16 11:54:10.815713+03:00,29.12949885627313,36.165937500001746,39.86409788241144,-1.0,1.0,0.0,-1.0,1.0,0.0,-1.0,1.0,0.0
2025-10-16 11:54:10.830091+03:00,110823.41,110823.41,110793.10897007205,110785.5546875,110787.57072960594,-0.027341723132283894,-0.03415822749002534,-0.032339079255964624,2025-10-16 11:54:15.830091+03:00,35.711029927959316,43.265312500006985,41.249270394066116,-1.0,1.0,0.0,-1.0,1.0,0.0,-1.0,1.0,0.0
2025-10-16 11:54:15.840704+03:00,110828.82,110828.82,110786.52368678233,110783.171875,110800.7060717692,-0.038163641206033785,-0.04118795544336481,-0.025366983272775128,2025-10-16 11:54:20.840704+03:00,42.29631321768102,45.648125000006985,28.113928230814054,-1.0,0.0,0.0,-1.0,0.0,0.0,-1.0,0.0,0.0
2025-10-16 11:54:20.849017+03:00,110828.83,110828.83,110782.59085456745,110775.75,110784.57832432154,-0.041721224912827495,-0.04789367531895965,-0.03992794625591621,2025-10-16 11:54:25.849017+03:00,46.22914543256047,53.070000000006985,44.24167567846598,-1.0,-1.0,1.0,-1.0,-1.0,1.0,-1.0,-1.0,1.0
2025-10-16 11:54:25.849886+03:00,110828.82,110828.82,110775.63442297942,110770.578125,110774.16256031625,-0.04798894098176586,-0.052551200130080765,-0.04931699145019606,2025-10-16 11:54:30.849886+03:00,59.275577020584024,64.33187500000349,60.74743968374969,-1.0,1.0,0.0,-1.0,1.0,0.0,-1.0,1.0,0.0
2025-10-16 11:54:30.874709+03:00,110828.83,110828.83,110766.0689604053,110766.03125,110762.72933794107,-0.05662880280762474,-0.056662828615985344,-0.05964211844421018,2025-10-16 11:54:35.874709+03:00,68.8410395946994,68.87875000000349,72.1806620589341,-1.0,1.0,0.0,-1.0,1.0,0.0,-1.0,1.0,0.0
2025-10-16 11:54:35.872062+03:00,110834.91,110834.91,110759.09004314557,110765.8828125,110756.26818125663,-0.06840801048553827,-0.06227928321501185,-0.07095401506923561,2025-10-16 11:54:40.872062+03:00,75.8199568544369,69.02718750000349,78.64181874337373,-1.0,0.0,0.0,-1.0,0.0,0.0,-1.0,0.0,0.0
2025-10-16 11:54:40.872495+03:00,110834.91,110834.91,110752.3349706719,110732.890625,110750.14959042256,-0.07450272601665094,-0.0920462469812115,-0.07647446962102832,2025-10-16 11:54:45.872495+03:00,82.56502932809235,102.00937499999418,84.75040957743477,-1.0,-1.0,1.0,-1.0,-1.0,1.0,-1.0,-1.0,1.0
2025-10-16 11:54:45.867699+03:00,110834.91,110834.91,110736.89050747865,110732.609375,110731.01633622267,-0.08843738179726783,-0.09230000276988856,-0.09373731054351873,2025-10-16 11:54:50.867699+03:00,98.00949252134888,102.29062499999418,103.88366377732018,-1.0,-1.0,1.0,-1.0,-1.0,1.0,-1.0,-1.0,1.0
2025-10-16 11:54:50.889179+03:00,110834.9,110834.9,110737.62105440666,110739.25,110721.44446304595,-0.08776923657921647,-0.08629953200661,-0.10236445104750101,2025-10-16 11:54:55.889179+03:00,97.278945593338,95.64999999999418,113.45553695404669,-1.0,0.0,0.0,-1.0,0.0,0.0,-1.0,0.0,0.0
2025-10-16 11:54:55.895640+03:00,110834.91,110834.91,110737.59277439445,110739.28125,110731.4760799618,-0.08780376652586716,-0.08628035156071628,-0.09332251006312828,2025-10-16 11:55:00.895640+03:00,97.317225605555,95.62875000000349,103.43392003820918,-1.0,0.0,0.0,-1.0,0.0,0.0,-1.0,0.0,0.0
2025-10-16 11:55:00.892585+03:00,110834.91,110834.91,110733.74640312673,110732.640625,110720.45052782967,-0.09127412732439039,-0.09227180768225778,-0.10327023513650388,2025-10-16 11:55:05.892585+03:00,107.41359687327349,108.51937500000349,120.70947217033245,-1.0,1.0,0.0,-1.0,1.0,0.0,-1.0,1.0,0.0
2025-10-16 11:55:05.931060+03:00,110834.9,110834.9,110733.7486944484,110733.1171875,110716.60957147261,-0.09126304580199651,-0.09183281845338805,-0.10672669757213972,2025-10-16 11:55:10.931060+03:00,133.81130555160053,134.44281249999767,150.95042852738698,-1.0,1.0,0.0,-1.0,1.0,0.0,-1.0,1.0,0.0
2025-10-16 11:55:10.920915+03:00,110867.54,110867.54,110742.30173294732,110759.9140625,110708.92787118415,-0.11296206901737992,-0.09707614825763573,-0.1430645334205544,2025-10-16 11:55:15.920915+03:00,125.25826705267536,107.64593749999767,158.6321288158506,-1.0,1.0,0.0,-1.0,1.0,0.0,-1.0,1.0,0.0
2025-10-16 11:55:15.933194+03:00,110867.55,110867.55,110737.46405125888,110734.5703125,110721.35706699024,-0.11733455708286299,-0.11994464340557981,-0.13186268931690362,2025-10-16 11:55:20.933194+03:00,130.08594874112168,132.9796875000029,146.19293300976278,-1.0,0.0,0.0,-1.0,0.0,0.0,-1.0,0.0,0.0
2025-10-16 11:55:20.940446+03:00,110867.56,110867.56,110739.48108984926,110734.5546875,110713.37623627525,-0.1155242436567918,-0.11996774574997202,-0.13907022371986158,2025-10-16 11:55:25.940446+03:00,128.06891015074507,132.9953125000029,154.173763724757,-1.0,-1.0,1.0,-1.0,-1.0,1.0,-1.0,-1.0,1.0
2025-10-16 11:55:25.936197+03:00,110867.55,110867.55,110741.76088673154,110732.765625,110710.7690426666,-0.11345890954428045,-0.12157243034594244,-0.14141284562832757,2025-10-16 11:55:30.936197+03:00,125.78911326845991,134.7843750000029,156.78095733340888,-1.0,0.0,0.0,-1.0,0.0,0.0,-1.0,0.0,0.0
2025-10-16 11:55:30.937452+03:00,110867.56,110867.56,110740.48345870728,110732.875,110706.30919864959,-0.11462012990338559,-0.12148278540629709,-0.14544452980692646,2025-10-16 11:55:35.937452+03:00,127.0665412927192,134.6750000000029,161.2408013504173,-1.0,-1.0,1.0,-1.0,-1.0,1.0,-1.0,-1.0,1.0
2025-10-16 11:55:35.939017+03:00,110867.56,110867.56,110744.0328926761,110761.234375,110721.90705894418,-0.11141862175364754,-0.09590327865066903,-0.13137561704777678,2025-10-16 11:55:40.939017+03:00,123.51710732390347,106.31562500000291,145.6429410558194,-1.0,-1.0,1.0,-1.0,-1.0,1.0,-1.0,-1.0,1.0
2025-10-16 11:55:40.954295+03:00,110867.55,110867.55,110767.60775905517,110774.0,110761.47386257013,-0.09014562055789156,-0.08437996510250556,-0.09567825520621183,2025-10-16 11:55:45.954295+03:00,99.9422409448307,93.55000000000291,106.0761374298745,-1.0,0.0,0.0,-1.0,0.0,0.0,-1.0,0.0,0.0
2025-10-16 11:55:45.968303+03:00,110867.56,110867.56,110777.53297071984,110788.3828125,110770.74730242086,-0.08120231858639072,-0.0714160097868102,-0.08732283598478972,2025-10-16 11:55:50.968303+03:00,90.01702928016311,79.16718750000291,96.80269757914357,-1.0,-1.0,1.0,-1.0,-1.0,1.0,-1.0,-1.0,1.0
2025-10-16 11:55:50.970623+03:00,110867.55,110867.55,110782.22557923275,110772.4765625,110768.50061726972,-0.07696068034988975,-0.08575407096125323,-0.08934028282422159,2025-10-16 11:55:55.970623+03:00,85.33442076724896,95.08343749999767,99.05938273028005,-1.0,1.0,0.0,-1.0,1.0,0.0,-1.0,1.0,0.0
2025-10-16 11:55:55.990858+03:00,110867.55,110867.55,110773.50045051907,110760.671875,110764.90392983775,-0.0848305473341201,-0.09640162969236978,-0.09258441280812678,2025-10-16 11:56:00.990858+03:00,94.04954948092927,106.87812500000291,102.64607016225636,-1.0,0.0,0.0,-1.0,0.0,0.0,-1.0,0.0,0.0
2025-10-16 11:56:00.999399+03:00,110867.55,110867.55,110767.75592803433,110775.8671875,110782.84867221527,-0.09001197552004736,-0.08269580458845073,-0.07639866469921007,2025-10-16 11:56:05.999399+03:00,92.30407196567103,84.19281249999767,77.21132778472384,-1.0,-1.0,1.0,-1.0,-1.0,1.0,-1.0,-1.0,1.0
2025-10-16 11:56:05.997897+03:00,110867.55,110867.55,110779.80135697045,110780.7734375,110777.95734720252,-0.07914727350749064,-0.07827047905361209,-0.08081052823615267,2025-10-16 11:56:10.997897+03:00,59.69864302955102,58.7265625,61.542652797477785,-1.0,-1.0,1.0,-1.0,-1.0,1.0,-1.0,-1.0,1.0
2025-10-16 11:56:11.008221+03:00,110848.98,110848.98,110784.81953839786,110787.34375,110783.65806991648,-0.05788096706179517,-0.05560380438322114,-0.058928760628667004,2025-10-16 11:56:16.008221+03:00,44.01046160214173,41.486250000001746,45.171930083524785,-1.0,-1.0,1.0,-1.0,-1.0,1.0,-1.0,-1.0,1.0
2025-10-16 11:56:16.027828+03:00,110839.5,110839.5,110794.60216202051,110793.9921875,110785.50430411915,-0.040507073723254086,-0.0410573960546556,-0.048715210625135494,2025-10-16 11:56:21.027828+03:00,38.817837979484466,39.427812499998254,47.915695880845306,-1.0,-1.0,1.0,-1.0,-1.0,1.0,-1.0,-1.0,1.0
2025-10-16 11:56:21.024790+03:00,110826.89,110826.89,110794.97741522349,110794.03125,110794.58613050755,-0.028794983578903914,-0.0296487161193456,-0.029148042945576765,2025-10-16 11:56:26.024790+03:00,46.74258477651165,47.688750000001164,47.133869492448866,-1.0,1.0,0.0,-1.0,1.0,0.0,-1.0,1.0,0.0
2025-10-16 11:56:26.110665+03:00,110841.73,110841.73,110794.80109934935,110794.0546875,110789.557183805,-0.04233865769746124,-0.0430120609810005,-0.04706965165105359,2025-10-16 11:56:31.110665+03:00,58.01890065065527,58.765312500006985,63.26281619501242,-1.0,1.0,0.0,-1.0,1.0,0.0,-1.0,1.0,0.0
2025-10-16 11:56:31.242862+03:00,110841.73,110841.73,110795.10957818454,110793.9921875,110794.58613050755,-0.0420603520131451,-0.04306844768662121,-0.04253259985426394,2025-10-16 11:56:36.242862+03:00,57.71042181547091,58.827812500006985,58.23386949245469,-1.0,1.0,0.0,-1.0,1.0,0.0,-1.0,1.0,0.0
2025-10-16 11:56:36.389647+03:00,110852.82,110852.82,110795.37504192331,110794.203125,110794.58613050755,-0.05182092623056041,-0.05287810900977258,-0.052532600877861914,2025-10-16 11:56:41.389647+03:00,57.44495807669591,58.616875000006985,58.23386949245469,-1.0,0.0,0.0,-1.0,0.0,0.0,-1.0,0.0,0.0
2025-10-16 11:56:41.386724+03:00,110852.82,110852.82,110795.11859772795,110794.3359375,110794.58613050755,-0.05205226377827295,-0.052758299247603245,-0.052532600877861914,2025-10-16 11:56:46.386724+03:00,,,,,,,,,,,,
